cve id,modified file
cve-2017-13154,media/libstagefright/omx/OMXNodeInstance.cpp
cve-2017-0879,media/libstagefright/codecs/m4v_h263/dec/src/vlc_decode.cpp
cve-2017-13149,decoder/ihevcd_api.c
cve-2017-13150,decoder/impeg2d_bitstream.c;decoder/impeg2d_structs.h;decoder/impeg2d_decoder.c;decoder/impeg2d_dec_hdr.c
cve-2017-13152,media/libmedia/IDrm.cpp
cve-2017-15868,net/bluetooth/bnep/core.c
cve-2017-1000380,sound/core/timer.c
cve-2017-11030,drivers/video/msm/mdss/mdss_hdmi_edid.c;drivers/video/fbdev/msm/mdss_hdmi_edid.c
cve-2017-14901,CORE/HDD/src/wlan_hdd_cfg80211.c
cve-2017-9698,drivers/gpu/drm/msm/msm_gem_submit.c
cve-2017-9700,sound/soc/codecs/wcd_cpe_core.c
cve-2017-9722,drivers/video/msm/mdss/mdss_hdmi_tx.c;drivers/video/fbdev/msm/mdss_hdmi_tx.c
cve-2017-11049,drivers/video/msm/mdss/mdss_mdp_layer.c
cve-2017-11047,drivers/video/fbdev/msm/mdss_mdp_pp_cache_config.c
cve-2017-14898,core/hdd/src/wlan_hdd_cfg80211.c
cve-2017-14899,core/hdd/src/wlan_hdd_cfg80211.c
cve-2017-11044,drivers/gpu/msm/kgsl.c
cve-2017-11045,drivers/media/platform/msm/camera_v2/fd/msm_fd_dev.c;drivers/media/platform/msm/ais/fd/msm_fd_dev.c
cve-2017-14900,CORE/HDD/src/wlan_hdd_cfg80211.c
cve-2017-9710,drivers/platform/msm/ipa/ipa_v3/ipa_qmi_service.h;drivers/platform/msm/ipa/ipa_v3/rmnet_ipa.c;drivers/platform/msm/ipa/ipa_v3/ipa_qmi_service.c
cve-2017-11019,drivers/video/msm/mdss/mdss_mdp_overlay.c
cve-2017-11016,sound/soc/msm/qdsp6v2/audio_cal_utils.c
cve-2017-11033,drivers/coresight/coresight-tmc.c;drivers/hwtracing/coresight/coresight-tmc.c
cve-2017-14896,drivers/gud/Kconfig;drivers/gud/MobiCoreDriver/public/mc_linux.h;drivers/Kconfig;drivers/gud/MobiCoreDriver/fastcall.h;drivers/gud/MobiCoreDriver/pm.c;drivers/gud/MobiCoreDriver/public/mobicore_driver_api.h;drivers/gud/MobiCoreDriver/scheduler.c;drivers/gud/MobiCoreDriver/pm.h;drivers/gud/MobiCoreDriver/session.h;drivers/gud/MobiCoreDriver/fastcall.c;drivers/gud/MobiCoreDriver/Makefile;drivers/gud/setupDrivers.sh;drivers/gud/MobiCoreDriver/mmu.h;drivers/gud/MobiCoreDriver/scheduler.h;drivers/gud/MobiCoreDriver/arm.h;drivers/gud/MobiCoreDriver/mci/mcinq.h;drivers/gud/MobiCoreDriver/clientlib.c;drivers/gud/MobiCoreDriver/mcp.h;drivers/gud/MobiCoreDriver/mci/mcifc.h;drivers/gud/MobiCoreDriver/mci/mcimcp.h;drivers/gud/MobiCoreDriver/mci/mcloadformat.h;drivers/gud/MobiCoreDriver/logging.h;drivers/gud/MobiCoreDriver/api.h;drivers/gud/MobiCoreDriver/public/mc_admin.h;drivers/gud/MobiCoreDriver/main.h;drivers/gud/MobiCoreDriver/platform.h;drivers/gud/MobiCoreDriver/client.c;drivers/gud/MobiCoreDriver/public/mc_linux_api.h;drivers/gud/MobiCoreDriver/mmu.c;drivers/gud/MobiCoreDriver/client.h;drivers/gud/MobiCoreDriver/session.c;drivers/gud/MobiCoreDriver/api.c;drivers/gud/MobiCoreDriver/admin.c;drivers/gud/MobiCoreDriver/admin.h;drivers/gud/MobiCoreDriver/logging.c;drivers/gud/MobiCoreDriver/clock.h;drivers/gud/MobiCoreDriver/mcp.c;drivers/gud/MobiCoreDriver/debug.h;drivers/gud/MobiCoreDriver/clock.c;drivers/Makefile;drivers/gud/MobiCoreDriver/build_tag.h;drivers/gud/MobiCoreDriver/main.c;drivers/gud/Makefile
cve-2017-8281,drivers/char/diag/diagchar_core.c
cve-2017-11031,drivers/media/platform/msm/sde/rotator/sde_rotator_dev.c
cve-2017-14905,CORE/HDD/src/wlan_hdd_cfg80211.c
cve-2017-0845,services/core/java/com/android/server/content/SyncStorageEngine.java
cve-2017-0838,media/libstagefright/omx/OMXNodeInstance.cpp
cve-2017-0852,decoder/ihevcd_parse_headers.c
cve-2017-0847,services/mediaanalytics/mediametrics.rc
cve-2017-0848,media/libeffects/lvm/wrapper/Bundle/EffectBundle.cpp
cve-2017-0849,decoder/ih264d_api.c
cve-2017-0851,decoder/ihevcd_decode.c
cve-2017-0853,decoder/impeg2d_dec_hdr.c
cve-2017-0854,decoder/impeg2d_api_main.c
cve-2017-0857,decoder/ih264d_parse_bslice.c
cve-2017-0858,decoder/ih264d_parse_pslice.c;decoder/ih264d_parse_bslice.c
cve-2017-0860,services/inputflinger/InputDispatcher.cpp
cve-2017-6001,kernel/events/core.c
cve-2017-11600,net/xfrm/xfrm_policy.c
cve-2017-11035,core/sme/src/common/sme_ft_api.c;core/hdd/src/wlan_hdd_wext.c;CORE/SME/src/sme_common/sme_FTApi.c;CORE/HDD/src/wlan_hdd_wext.c
cve-2017-11012,core/hdd/src/wlan_hdd_disa.c
cve-2017-11026,app/aboot/aboot.c
cve-2017-11032,drivers/soc/qcom/service-locator.c
cve-2017-9719,drivers/video/fbdev/msm/mdss_hdmi_cec.c;drivers/video/msm/mdss/mdss_hdmi_cec.c
cve-2017-11024,drivers/net/usb/rmnet_usb_ctrl.c
cve-2017-11025,drivers/misc/qcom/qdsp6v2/audio_hwacc_effects.c
cve-2017-11023,drivers/char/diag/diagchar_core.c;drivers/char/diag/diagfwd.c;drivers/char/diag/diagchar.h
cve-2017-11029,drivers/media/platform/msm/ais/pproc/cpp/msm_cpp.c;drivers/media/platform/msm/camera_v2/pproc/cpp/msm_cpp.c
cve-2017-11018,drivers/media/video/msm/vfe/msm_vfe32.c
cve-2017-9721,app/aboot/aboot.c
cve-2017-8279,drivers/char/diag/diag_masks.c;drivers/char/diag/diagchar_core.c;drivers/char/diag/diagchar.h;drivers/char/diag/diagfwd_cntl.c
cve-2017-11058,CORE/HDD/src/wlan_hdd_cfg80211.c
cve-2017-11022,core/sme/src/common/sme_power_save.c;core/hdd/src/wlan_hdd_main.c;core/hdd/inc/wlan_hdd_cfg.h;core/mac/src/pe/lim/lim_process_sme_req_messages.c;core/hdd/src/wlan_hdd_cfg.c;core/hdd/src/wlan_hdd_scan.c;CORE/MAC/inc/sirApi.h;CORE/HDD/src/wlan_hdd_cfg80211.c;CORE/HDD/inc/wlan_hdd_cfg.h;core/hdd/src/wlan_hdd_cfg80211.c;core/sme/src/csr/csr_api_scan.c;CORE/HDD/src/wlan_hdd_main.c;CORE/MAC/src/pe/lim/limProcessSmeReqMessages.c;CORE/SME/src/csr/csrApiScan.c;CORE/HDD/src/wlan_hdd_cfg.c;CORE/SERVICES/WMA/wma.c;CORE/SME/inc/csrApi.h;CORE/SME/src/pmc/pmcApi.c;core/hdd/inc/wlan_hdd_main.h;core/hdd/src/wlan_hdd_power.c;CORE/HDD/inc/wlan_hdd_main.h;core/sme/inc/csr_api.h;core/wma/src/wma_scan_roam.c;core/hdd/src/wlan_hdd_scan.h;core/mac/inc/sir_api.h
cve-2017-9701,app/aboot/aboot.c;platform/msm_shared/menu_keys_detect.c
cve-2017-11027,app/aboot/aboot.c